[
  {
    "id": "62912e52-b282-4c8f-9a61-4bb783d21f6e",
    "data": [
      {
        "text": "chpatibhaji",
        "meta": "@sys.any",
        "alias": "any",
        "userDefined": true
      }
    ],
    "isTemplate": false,
    "count": 0,
    "lang": "en",
    "updated": 0
  },
  {
    "id": "67319297-5195-4926-a145-f12dfcb807ad",
    "data": [
      {
        "text": "sholabhtura",
        "meta": "@sys.any",
        "alias": "any",
        "userDefined": true
      }
    ],
    "isTemplate": false,
    "count": 0,
    "lang": "en",
    "updated": 0
  },
  {
    "id": "5b2d1846-67c7-4ce6-ad41-136d0bb9c374",
    "data": [
      {
        "text": "icecream",
        "meta": "@sys.any",
        "alias": "any",
        "userDefined": true
      }
    ],
    "isTemplate": false,
    "count": 0,
    "lang": "en",
    "updated": 0
  },
  {
    "id": "e8dd0081-bea7-417f-b566-4c72bd2a39aa",
    "data": [
      {
        "text": "burger",
        "meta": "@sys.any",
        "alias": "any",
        "userDefined": true
      }
    ],
    "isTemplate": false,
    "count": 0,
    "lang": "en",
    "updated": 0
  },
  {
    "id": "7547ec1d-ad6c-4db2-bd48-fd01d0de82ab",
    "data": [
      {
        "text": "pizza",
        "meta": "@sys.any",
        "alias": "any",
        "userDefined": true
      }
    ],
    "isTemplate": false,
    "count": 0,
    "lang": "en",
    "updated": 0
  },
  {
    "id": "a21f2b71-d118-4698-8292-b2a30d000e7f",
    "data": [
      {
        "text": "soda",
        "meta": "@sys.any",
        "alias": "any",
        "userDefined": true
      }
    ],
    "isTemplate": false,
    "count": 0,
    "lang": "en",
    "updated": 0
  },
  {
    "id": "7ac831e7-49bd-448e-9d5c-3d742169b3f5",
    "data": [
      {
        "text": "sup",
        "meta": "@sys.any",
        "alias": "any",
        "userDefined": true
      }
    ],
    "isTemplate": false,
    "count": 0,
    "lang": "en",
    "updated": 0
  }
]