[
  {
    "id": "3ee20aa9-4c0b-4fce-a110-84b655195d30",
    "data": [
      {
        "text": "Sweets And Drinks",
        "userDefined": false
      }
    ],
    "isTemplate": false,
    "count": 0,
    "lang": "en",
    "updated": 0
  },
  {
    "id": "e16634d1-1195-441e-b91b-8208469e8976",
    "data": [
      {
        "text": "drinks",
        "userDefined": false
      }
    ],
    "isTemplate": false,
    "count": 0,
    "lang": "en",
    "updated": 0
  },
  {
    "id": "779f5efc-d42b-4b4b-b4f9-ed7211651a97",
    "data": [
      {
        "text": "sweets",
        "userDefined": false
      }
    ],
    "isTemplate": false,
    "count": 0,
    "lang": "en",
    "updated": 0
  }
]